{
    "line_0": [
        45.41111373901367,
        342.4444580078125,
        45.41111373901367,
        342.4444580078125
    ],
    "line_1": [
        40.0,
        380.0,
        40.0,
        380.0
    ],
    "line_10": [
        560.0,
        220.0,
        460.0,
        380.0
    ],
    "line_11": [
        440.0,
        380.0,
        440.0,
        220.0
    ],
    "line_12": [
        320.0,
        180.0,
        380.0,
        180.0
    ],
    "line_13": [
        560.0,
        180.0,
        500.0,
        180.0
    ],
    "line_14": [
        440.0,
        180.0,
        480.0,
        220.0
    ],
    "line_15": [
        440.0,
        180.0,
        400.0,
        220.0
    ],
    "line_16": [
        400.0,
        220.0,
        400.0,
        280.0
    ],
    "line_17": [
        480.0,
        220.0,
        480.0,
        280.0
    ],
    "line_18": [
        20.0,
        520.0,
        20.0,
        520.0
    ],
    "line_2": [
        260.0,
        420.0,
        260.0,
        140.0
    ],
    "line_3": [
        260.0,
        420.0,
        640.0,
        420.0
    ],
    "line_4": [
        640.0,
        420.0,
        640.0,
        140.0
    ],
    "line_5": [
        260.0,
        140.0,
        640.0,
        140.0
    ],
    "line_6": [
        320.0,
        380.0,
        320.0,
        220.0
    ],
    "line_7": [
        320.0,
        220.0,
        420.0,
        380.0
    ],
    "line_8": [
        320.0,
        380.0,
        560.0,
        380.0
    ],
    "line_9": [
        560.0,
        380.0,
        560.0,
        220.0
    ]
}